Names,Price,Links
Apple iPad Air 2 2nd WiFi + Cellular Unlocked 16GB 32GB 64GB 128GB - Good,$139.99,https://www.ebay.com/itm/352252833744?epid=228495611&hash=item5203e7afd0:g:k3UAAOSwFMdaV62B&amdata=enc%3AAQAIAAAAwDHtGWFCa8LS1OWFXvsglHAuuuoJChuO4aOEC%2FLuKFCtBQ4YZXJi3e0Ri122RbhXnKWie1wUl5fzMvw5IUx6iZdH%2B%2F8q0bjhrE3l6JRQazBofxTA58f5ST6KSb8ZeBdqy%2BkcDnV5fbDj7IAbj7a7ybT0ou08hQUb7dF1N53nggyb8PXQ52N0HEGVCRkryrYZjBeA%2FGqqxeowmxUrATjM9wEnQgODmJLOkTtrLElB6z9wrL4PL57t%2BmkHmStqUtRWmg%3D%3D%7Ctkp%3ABlBMUKrPl9mVYg
"Apple iPad Air 3rd Gen 64GB, Wi-Fi + 4G (Unlocked), 10.5in - Space Gray - Good",$228.99,https://www.ebay.com/itm/256065639777?epid=11030596251&hash=item3b9eb39561:g:cscAAOSwRA1kVSmS&amdata=enc%3AAQAIAAAA4Lusi04zk9zoy1DIA6Kl9bOj%2FBC%2FqrgpQ98Gl9zFfJHlDc0axo5ZeW4KJjFn6YVIZ06UkqUzfxs1sMycpDLTSkga8tAPEjeBP1Ev3Ro93t6k9%2FYYeTRg9UWoOfjJZZggquyE2bvuCv38ykl9d4nmuyUDrI9XvVOEcE36YpRDbyfOE9j7D6U0jPFNvEtmRLSSz7luwQ6VVV00%2BtAFiJKDtmU5wkpMHeGt4rmNSN8z1IH9XqxAd1G0o1PCWw488B35ufZYMN9tgMThqdO8pyrL%2BosQYFtEt7saQYGz1NZ31YzM%7Ctkp%3ABFBMrM-X2ZVi
"2021 Apple iPad 9th Gen 64/256GB WiFi 10.2""",$295.00,https://www.ebay.com/itm/383791923777?epid=15049285841&hash=item595bc80241:g:5R0AAOSwMDZhTrQk&amdata=enc%3AAQAIAAAA0O4D%2BxNAH38CYb1bq6%2FlOr3gPQkBi7fks6Kj7ZwUx09%2BP2mA8lVBKWkRrnDTGHhXerw2X3f0FykPFC6X8cBQtjHW%2BGl9rcrC0FOyXxgG648CdwS9lyLjgz%2FzyncNxRmjpsJpLWN0Uri7jhOJvjvq0ZUfq0d28PnQ0dF6AVcrxqdlHYyMNljdfBhGOeYyYQhkmsj4c9%2BO5OnWtx%2BWYpFbUuLokbgjY10mUWnWfZgmtri6eXeYJRM9NizrL8NTLfPr2sPWhlRF%2BGEd0ySytlAGblI%3D%7Ctkp%3ABFBMrM-X2ZVi
"Apple iPad 6th Gen 9.7"" 32GB A1954 WiFi 4G LTE Factory Unlocked Tablet Very Good",$159.99,https://www.ebay.com/itm/385165729238?hash=item59adaa9dd6:g:EbIAAOSwpzdi4Y~8&amdata=enc%3AAQAIAAAA0FiktqlZLI3Agsz89Om4G35MNfzGwVTwA3MMHDtWzfxLwY8Cuv1OlV8Dp8igaf8kXNvmmAz57T0KlM7%2FZb7gWKTx99MeaZBkwpXd99pV8rwiki5%2BjGgJeHkGn119aMqLKTCsduaQk4YVbcwl3ihTqJbp7t6urZ1gYiR2%2BstAgelGzlIV1o7liurV7blJrBk8hJtkLe%2FzM1mHKYn%2FysITdi2Dp6ShHeLn5Barur50SJa3Mw0CHzUmoqT%2FMmxGg4p6sMHP%2FHG%2FNTYOJnm3h%2Br3gDU%3D%7Ctkp%3ABFBMrM-X2ZVi
"APPLE IPAD AIR 4TH GEN, 64GB STORAGE (A05009125)",$299.99,https://www.ebay.com/itm/155596728079?epid=9040884236&hash=item243a49a70f:g:OMAAAOSwjJ5kfNUL&amdata=enc%3AAQAIAAAAwKqXoRG2%2FtlYPTm93MTnFZHwI0tiiRuaU2sbe6f2qOArjwNPk%2F4OtZXYqeS93PR8ZoNqLmsxACIhyyWgkEC2%2BNJtxI4xJsbZFQNqVC%2BO686D4081X6nw4fCb51K%2BzwNNW9rdUleXxinMUr0KhHBHqNbds%2B0E%2BVsiv4jChps2SRB8OrGJgDuqrH9iRRc8qvJNrKNQ7Fr96YgpTkv1bM0JW0swd7fxMenhBFAsP%2Bn27HOa%2FR%2BdDyZHtpLL7NBcerCj5g%3D%3D%7Ctkp%3ABk9SR6zPl9mVYg
"2021 Apple iPad 9th Gen 64/256GB WiFi 10.2"" SHIPS SAME DAY!!!",$290.00,https://www.ebay.com/itm/334421041833?epid=15049285841&hash=item4ddd0c22a9:g:XZIAAOSwAWxh7xZx&amdata=enc%3AAQAIAAAA4Eq8%2B21vOhDAMxLIAgHhp6mhbvchyVUEVy5x8BbAOrI6E5QY0V45OtnSu4qFkFQLzSkOEd6P4MASrCpHVi178WUc%2FOjmws5gAKQnX7irQZpE2goOAD5bHaSDoFvqDlpeV5nV9GKXyjW41ve5DQfT6Ra9wfiAsaePZzQ75c5ob%2FmwMHlpKZROg0b7qhxdQeljkAl%2FazAWKchUmaksoAAYG861wuSVt%2BFUOhrgsWNBh7j76pS0gGE0Gh111BHf7pHVKMVn375QPVbU%2FrTYdpcD4YWMPLBd%2B64bTu96hxreSVS2%7Ctkp%3ABk9SR6zPl9mVYg
"Apple iPad Air 4th Gen. 64GB, Wi-Fi, 10.9 in - Rose Gold",$299.99,https://www.ebay.com/itm/115812306684?epid=15040889131&hash=item1af6f38efc:g:tKgAAOSwztFkbCvG&amdata=enc%3AAQAIAAAA4IFNrQPdZeNwnViEFpNxCJQK2FsMrLlv5e%2FiQPHWKACmwLO%2F8B%2FF7K4NqaKv6jigs%2Fd2uB4lVRzacbkw4nb5snYfYFm4AMichtm8HPljmbHQJNzLVWroE6Hhn9Bz7lbHlkmhjRKnx3YkUHtppT8TU5EodHeXgWCE7c%2BRWUA5Ig52riNx%2FZJSbCW8VkKUXU2VKvLyVNDvd4kI2raK9a55i3lT0B2U2Z544RvYGTpY0W6NScVoy5HLedLjsBwpzlNLtIJaOXJqCYZu%2BU2cW2d8dhPJev4SgWwcaIzFryvNNTI7%7Ctkp%3ABk9SR6zPl9mVYg
"Apple iPad Air 4th Gen 64GB, Wi-Fi, 10.9 in Space Gray - Touch ID w Original box",$318.89,https://www.ebay.com/itm/204363449331?epid=15040889178&hash=item2f9502c3f3:g:-n0AAOSwtSZkg-0c&amdata=enc%3AAQAIAAAAwODP2S2THn%2Ba65h7DVJsvjgd316xssZRL%2B5Ky5Ci5tqbIHGyjKRgiaO4ielJV217nsxPzmL2wsGqb4U7iPjSBJ49yZ1rhSuyeiM50p17eVUZGVeNESz%2FFg2zf7vF0oBWRiPreJCoCZNRE%2FbCGEsoXYwodqqEqbz%2Fp%2FfdQTVwF%2BgD3064IijFz4XwXJq8MiYc6RI6KFwjDnFiy1vEiAPT2zg%2F0zgWd911RfvicD%2FEGumQBI4yLh%2Ft%2F7Br%2FiZD6c%2FjIA%3D%3D%7Ctkp%3ABk9SR6zPl9mVYg
2021 Apple iPad 9th Gen 10.2-inch (Wi-Fi Only/64GB/Sliver/iPadOS/MK2L3LL/A),$249.00,https://www.ebay.com/itm/265555301315?epid=21050652157&hash=item3dd45453c3:g:avcAAOSwWbNkbXtf&amdata=enc%3AAQAIAAAAwBqGGRHn8v41kz9MNDN6gjtdPIK8PlvFtTXkGmLPvxu3VVkBl7ODyWOEPcHSZjntiQF9HPRZOGZPojBcxfs%2Fbn8qhnXapzIO1us1T23I4kQs%2BkRCPsfqMSuC9vROaPFm9ITfgkmHz8vfnXJ5zDz9%2BqiNW%2Fs7I%2BYkozVwQ25JUS36%2FIJ4DGK7aJllygL%2BPuQl45%2FNJ3HBcTAKbzTeFCoNi6I0PLWuGNeO2di%2FCiqso1ZHNR%2BFP4aEVXLet1OajNW6VQ%3D%3D%7Ctkp%3ABk9SR6zPl9mVYg
Apple iPad 8 (2020) - 32GB - All Colors - 4G (Unlocked) - Good Condition,$219.99,https://www.ebay.com/itm/194795668738?epid=19040886091&hash=item2d5aba0502:g:EPkAAOSwB5hh~Ois&amdata=enc%3AAQAIAAAA4F7WzCKC%2B42Wur33b7mgsoeDvFhbn7xSeDFN05tnEJQgYlOdmNGQMqtB%2BKCcpQxNgSluIa1zem%2B4MO8iwNSl362%2Bl9wVNKypZYyGSpnr9LmREmxIoXzJm2p1AHHyAjiaUK1c8MYgzjoWEeYl5l%2FSa500raZEs8leOqEg9i5ZnA3VRTC4MSMe53XBtp7KLDpjb7G6aWrxufBDwE8eEHPUwMOqqiB1AO4vgAAW2axBWriI95GAPJzwKMeZFCWrVG00uhg7y%2BBe2p1RGB%2BL6PwMXjngYF0OP89t1KyJ4%2B6cXF3j%7Ctkp%3ABk9SR67Pl9mVYg
"*AS IS* Apple iPad Air 4th Gen. 64GB, Wi-Fi, 10.9 in - Sky Blue Read Description",$299.00,https://www.ebay.com/itm/185824588247?epid=6040897172&hash=item2b440231d7:g:htcAAOSwpxJkGH6D&amdata=enc%3AAQAIAAAA4E%2BDs3w%2BRxBw%2FFM%2BxzuUOPFde%2BLMb1HDmarySRQOd%2BsfquNdyXzMH%2FScPEfMJzjUDgKQ78ahMpBv%2FCyb3ut4o4zL13chfo4ahTCWEzzvVMstP5uU5hW7j0CB1U3BjSn%2B0dlda6sU%2BXXragPFXuqMWBwmPkQK2%2BRpzwP7XVHn%2BUF1XO2Qiy2M8XhHqGWJxXk3%2BxRMV1qWx4Dnqs47QRmD%2BxviSx3z2hnLZqpi4csOMcvKPnrQWpeEixTzxp2Uvxs3m1I7QJ%2Fxfxd8qLCh4i8eoHmlOsAqwAykEeIwbnHp6Z4T%7Ctkp%3ABk9SR67Pl9mVYg
New sealed Apple iPad Mini 4 128GB Wi-Fi 7.9 in Space Gray MK9N2LL/A Grey,$289.99,https://www.ebay.com/itm/185882751054?epid=216598788&hash=item2b4779b04e:g:RWAAAOSwGxRkVA0N&amdata=enc%3AAQAIAAAA4I%2FRQpkeymM2Hcx0BIkiwR4z%2FAYHuFiZPZOk5F9vTsGEXYbGk4MWah5fp00hX%2FkrE%2BHuT5Re66eNSxyU0DcLoMxJzexmcw0Tx9UGC4D8Gj6Q1mpO44gcg0w%2B85cC5AH0JciI8iVhaLXtrL01%2Bf6ey3zYLz%2BGnARIG%2BUJjA4YtkuLk7o3nKMvWDDqRh6zA8C2OXZu9N5ZpiOw3yXT16rF3IpniIk3iedrPMxynYSAJWn4uNgUWY4KzY00ku9QO71ckJtPW4ICAxaspdySsDwDhqi%2BZIZB4L7l0JlU%2FmAE8TEJ%7Ctkp%3ABk9SR67Pl9mVYg
Apple iPad 9th Gen. 64GB - Wi-Fi + Cellular (T-Mobile) - 10.2 in - Space Gray,$234.42,https://www.ebay.com/itm/235031703529?epid=28049396770&hash=item36b8fb2fe9:g:~mgAAOSwmk5kdoSl&amdata=enc%3AAQAIAAAAwAEGWFiSda9wDyxqGmkYdXUZLH4Xk5%2BsyKWlDjvOSWobK4d4wm4Zeyct4WMTMm78ts2OszZXrHOhVS%2Fp0GHfdpmfyw7bicjoA7PinWLpZqJNqqWtTkCcm2mfGRAOu9PmVkOcnIJKMNBGuhioRYMLxJub7Myv8uZKBq5ibRO3AuNXO65uMNc2gbNsu38zsLULPmQb6G8JUEDhyrTJUq6zXA5BGvpyiBdZL4qzgh%2FYmw7RtehZlJXxrwvSgzzjMt9gKg%3D%3D%7Ctkp%3ABk9SR67Pl9mVYg
"Apple iPad 8 2020 (8th Gen) 10.2"" Factory Unlocked (WiFi + 4G Cellular)",$264.99,https://www.ebay.com/itm/324862991122?epid=19040886091&hash=item4ba357db12:g:fMUAAOSwU9Zhgf2J&amdata=enc%3AAQAIAAAA0Ek5%2BHlQ0%2B699P0drCIgxRN923523pptIhR690MTk9DPO%2BpKRUNp%2B8mYnaabPLG7bsYHRFwfOyyIpNXGeWJhDMwkVa4xtZOBJqSGcy7BaVeOB7KatN5HsXwYarmmqAfc2hnSPe%2BZGNxZO1Js%2FtMszK47GRNlsBMYo%2FmRB29P%2Fcdwo23PcrGXODYlwF5uvGN2P0hgkRWa28lOiReyYvrkOCg4myfOkuDqq89pUSfYRDr5%2FfezXBFZAXb8NgVpAFVIi6L1o8G2y7ZhLzBxOjKTZik%3D%7Ctkp%3ABFBMrs-X2ZVi
Apple iPad 6th Gen (2018) - 32GB - All Colors - Wi-Fi + 4G Unlocked - Good,$154.99,https://www.ebay.com/itm/194793039180?epid=243957323&hash=item2d5a91e54c:g:6P0AAOSwMhRh-p0R&amdata=enc%3AAQAIAAAA0C9Yg%2FMmUS4%2BYWsVxlIAIwDvX8WfLltUqbgWXYZ4%2B0dMXWTFBlBVGeUmvpqVB5lWMWSTCw0ydS2abdA3u9I7c6rfOOSXDqbF%2BvjS0EmjUgQIaBKJuzlV0YgrDTDu9MQjgP65ELopoyFEUiGzp7B2OrblCef9%2F1Q8JI5yuK4FfgFgMG7uAp49lGruz3xdrpd8HENjjFy293SFrxVdlLp1ZXdLnuOooKOycKsTfchZnY%2Bs3ul0zGAOu1%2Bvlgv%2F4srHk9yEztBoi2ogUIcpCXTq%2FjA%3D%7Ctkp%3ABFBMrs-X2ZVi
Brand New Sealed Apple 10.2-Inch iPad 9th Generation with Wi-Fi  64GB 256GB,$299.00,https://www.ebay.com/itm/125079977869?epid=15049285841&hash=item1d1f58ff8d:g:5pYAAOSwGcVhYEsf&amdata=enc%3AAQAIAAAA4DWr8vRhe%2FiRg1J0PV5slTjQf5g6E6EmBAJz2JcB2MU1odqkdNlz1A%2BTpQpn83xkN6W73K9xxcGe4GBH9ipXVkNZ2vJIsodF%2BiYqPaBXs0KTAED5ks5c3D%2BzBPgFqs4QLlLVE%2F07cHhLliwp97FaZyvccgPzo1cITCPOKHS7VzbgYSkgjXRD01jRGyD7xb0Az0IB0PwFvnw8y%2FCVsdogWYCGR%2BqAMSIwH4xpvFI9QrHI1uFXYdnqEBSYPVAhBaJNS4Q%2FRrwWdQY91mD5XIQjm4TmuXTOg%2BnZ81PsFPoV%2F29U%7Ctkp%3ABk9SR67Pl9mVYg
Apple iPad 10 64GB Silver Unlocked Fair Condition,$299.99,https://www.ebay.com/itm/285299895083?epid=2328171852&hash=item426d32eb2b:g:8PIAAOSwu55kbl3f&amdata=enc%3AAQAIAAAAwLXrWeWUSmZNaSgxVSqmeTCrKIQkatkamecX7MlB9HFB0UWRGPieI3XoWPzrlpCbRH9eI7cGXQEqicBmV8xnWYiieeEilslYVvZ1oUA07wIiDQh3cGMKEWu1Y8qmh8Zbmkw43e1QCXRIE1lfb3dpJ3H9Nvwr7i%2FSKZ3Y0pt3EbFz9%2FkbrgpveNcLUrNwWWeH6FtW0zJx%2FJjLhaA6bG3XQsXMU4vCjg%2Fj9%2Be851QpWW%2BeDEoDzOQKCaNNDJw37sKHEQ%3D%3D%7Ctkp%3ABk9SR67Pl9mVYg
"Apple iPad Mini (5th Generation) 64GB, Wi-Fi, 7.9in - Silver",$194.95,https://www.ebay.com/itm/175741587162?epid=2301649792&hash=item28eb03ceda:g:LGsAAOSwUd1kXnl5&amdata=enc%3AAQAIAAAAwI0pc2RyelFjwUEeNOhyKYmSuWiZUhv19qKsWKoFDblJ4lg%2FADyV%2Bw4KxJ3PF6fbnnTACM1HLhhTA%2FfaX5uhCbW8W%2BhY9Xr6qN6cdmPqZbaKNl%2FU0A3AxhIEBy3yAsrcy7UJxBUMIgQNtQNJCLNEeqMR6aDCjdaMd8Xe4cdx6G0qTPB6znP0h%2FEPTqo8eHYz8a7xkbgboH0CKMWEyM4qW9w%2BeiHHprlGYAo4qi9eyeuBR3jQgQjhye9ESe77Y%2F4kKg%3D%3D%7Ctkp%3ABk9SR67Pl9mVYg
"Apple iPad Air 4th Gen. 64GB, Wi-Fi, 10.9 in - Space Gray",$309.99,https://www.ebay.com/itm/374611420065?epid=15040889178&hash=item573894a3a1:g:P68AAOSwlfZkLvKl&amdata=enc%3AAQAIAAAA4MNXju3rt2Zk44a164Rr3pJvq3AyJBS1Uindv3%2BgZ27iojjkiyn3o50PVSY%2Fhfd6ZkSV2e4KTxfBEEmSSKYvUCfjQoD7T3VG5MbCg5isqRCQ2NjwAZvm3hl1FcdOuV7eI%2BicCnILq%2Ft2WrYdYdtyOHMreU0szCIBf5n20AMAOO3wn%2F2JOG5qJM9erqDW1WbgU45Fa%2Btq0U8UJPPOsvfnf2I39N0oubmUP67TZ3jLuwRi05NhtmCZqFRMkkER7IdbmW2q7WNUFTppQPYIjKVDMivseXuyWht4mk3xOD%2B3nsmL%7Ctkp%3ABk9SR67Pl9mVYg
"Apple iPad Air 4th Gen. 64GB, Wi-Fi, 10.9 in - Space Gray Spot on the screen",$329.00,https://www.ebay.com/itm/275874894117?epid=15040889178&hash=item403b6cd125:g:kaQAAOSwYOdkcl9M&amdata=enc%3AAQAIAAAA4OUN%2B7MamwjmU6tHmMkCVLe2KS4hNH1XvNJXmfAy3bnOdFlhLlPlroi3X%2B8OU3ifnYJ9gRAL1Ftj5RkP3M2jCPLxGHap8lqZCsfla10L200zlbS8VS5I0lO4llbilLmStFg1%2FcYy5dp8lgkTVxe1l61osm7yeA7SBPw72mIRpz7Hk0uJVzqep%2FWV%2FHUCovvv%2BRwUt00S3ecYNVk%2FwXeFkvdIMY3yxEzpjEYFH974oqh4mve6kgQ698z7DBzFuYRKHoBRbh0tbOljxVyb86tj4zvKokarxzk6UVZRLcs8MlrB%7Ctkp%3ABk9SR67Pl9mVYg
"Apple iPad Pro 10.5"" 64GB Wi-Fi + Cellular Unlocked Tablet Space Gray",$184.45,https://www.ebay.com/itm/304919687501?epid=238132492&hash=item46fea1314d:g:GQUAAOSw9mtkUBtM&amdata=enc%3AAQAIAAAAwGs3ivkFkzR1iyNyTqF9yHOher0NCmzDwOfeqqc3RXaU9fC3DNZmB7YVwWajNy%2FOSVEa2hQXjf0oiTtwQX2ouTTWIr4USbUtAZUwuoa2sQjMkjeJpmsFYvdS1ZRRof%2FjzK0deFZ0EqbcmAmVBSSQ2GZ0%2B7fsEnZmkb%2Bwf3g3TIC%2BTp6Py0RB%2BN6drmJ5ydNnumcEFaRro1ctUXkZZF516yghWX43O7cLj3WmnxsYyBf4AxylDAVBPWPz02EQ3O5lyQ%3D%3D%7Ctkp%3ABk9SR67Pl9mVYg
iPad Pro 1st Gen 10.5in 256GB Wi Fi + 4G   Space Grey Unlocked,$225.95,https://www.ebay.com/itm/285322514423?epid=238187554&hash=item426e8c0ff7:g:pNYAAOSwQHlkglvb&amdata=enc%3AAQAIAAAA4POVwIEHY2x3VOSM%2F6PrX5goEzIm4tEuXxme%2BbEQHDec7lvmKvwT0D64R6F8DeKUmj%2FUekl0c2JN0jQ%2FZISW7uPacpl8xlUfct118jP5Wb%2BXbe7SZ5w0fPr1yZg66Bt3srfIcA4RC7dYx5nIWC8uCGZYIo0atiiH8JxWlbSf1jVfCECP0DFV6%2Bzp26kzmYZx4ZU6U4MLWWa7oTzUoZmjCtAK%2FQNzxxVW6BICpzzdBdSxOJ8e7VhBBEcNmajV%2BopafWKBCyQZYlXld2CLxEix1JY5Uej3%2BYKITgUynL9y%2FR7B%7Ctkp%3ABk9SR67Pl9mVYg
"Apple iPad 9th Gen. 64GB, Wi-Fi, 10.2 in - Silver",$249.99,https://www.ebay.com/itm/385657349554?epid=15049285841&hash=item59caf825b2:g:4pQAAOSwlYtke0tB&amdata=enc%3AAQAIAAAA4GYYT9pFK9A0DxMawHxjNx3eLyo6xXZXKjlUd3Xz18dya14qJz%2BseVcq6CQYMmP0%2BePB1BX%2BHmJ8ppuyIii8mOPgioYNJHxpkv0wX3olXnclGd2ZYXxy%2Fh344Cq%2Fhv73i4io0mvJjGpcjkXdJRNPJVPj5pPk17i0U5tTdYf3TW%2Fc0W0dGe8Ut2uGJsoSCC0zpE9cmK1qIgrX9hNkNgVcu77NoUJIS4Uv8beqC2Ut5v%2Bsvdos1X3dC0fAtx6WbezxOdQ%2BQibk69Jji7FAGvduMlhULZQhP0gB7h9CkiwQpsUZ%7Ctkp%3ABk9SR67Pl9mVYg
"Apple iPad Pro 1st Gen. 256GB, Wi-Fi + 4G (Unlocked), 10.5 in - Silver *READ*",$198.00,https://www.ebay.com/itm/125928686631?epid=238132462&hash=item1d51ef4427:g:H3sAAOSw499kW5H6&amdata=enc%3AAQAIAAAAwH%2BjNhlcxAzAbBGbLHptKaY7cGdYeUfoSJoYbELt8AbGfa8C1597sz61Sys0aBQzyn3EPlWFcJyR7iDbzNR9wPaZtNds0Cus4i7KCmQHRW5uiPbM%2FokjaKY1nMytC%2BfThifrPjxB9v9mWvgTTWlrqaU6jYFv19OqrXS8RfxgCoHE0A%2Bu7hAofpuj%2F5LHYPhajuBz4WQOahYShB7%2FHprPdsYAL%2F9V%2FmWKkqbqo9IACdGGAsZZv2cs78AM5W1wbsxPGw%3D%3D%7Ctkp%3ABk9SR67Pl9mVYg
"Brand New Apple iPad 9th Gen 64GB / 256GB WiFi 10.2""",$299.99,https://www.ebay.com/itm/304490655935?epid=15049285841&hash=item46e50eb0bf:g:MmsAAOSwnDxigkuM&amdata=enc%3AAQAIAAAA4CDNS0fIyxiH%2Bp%2B%2ByDclSJlnk37rDaeT8g%2F0FJdqOxg4Ced3XQ%2BosfhGqkFpzjA92iN5uCp6rjBjeFatOxNOAV8dqVhxDFLuTXPAXWHFa1x000htNku2qf0RZWga3dP%2FBK02In4UineHODVYLqf16kyk3fpIbkqs7SgxIBgkkwKvBg43F0IN3hwrxtyusob4MpADMqERZ%2B%2B%2FTDYdd70%2FsPJ6LcFBU9oY017OpbINlmFzWCn%2Fr0UqESAbIQdON1teVDoP7lxONMIU9Yquu76e%2Func9pDFsJCsj3VBEBV6Af%2Fk%7Ctkp%3ABk9SR7DPl9mVYg
"Apple iPad Mini (5th Generation) 256GB, Wi-Fi, 7.9in - Space Gray",$299.99,https://www.ebay.com/itm/275859680589?epid=10030602290&hash=item403a84ad4d:g:uNEAAOSwz1xkZ8It&amdata=enc%3AAQAIAAAAwFjcRUUwzyY09cJdwtH2ktNKq%2BWIzEo10mjTdQHDDa9SK3qTryb2GaF5O2zpa7Ccp1ZPGnZYbVOkK7voeC%2Bhona6DrIwYQ81bKkFmO%2BjevV6SigWmXpbky9uS%2B2LH88nYb0Oe2NeZ%2Fuya4WSxphC3KImmwu%2FFub3LNgVH%2F9wMnhQt%2Fye3UDQnpyT4Ragt5hUVhe1LxtcFH539enP6fHFKixKfv2%2Bli6L38Wzwfd4AH9MRpNwa2cEXfG4FSCSKbYuVg%3D%3D%7Ctkp%3ABk9SR7DPl9mVYg
Apple iPad 9th Gen 10.2in Wi Fi + Cellular 64GB   Space Gray Unlocked -FAIR,$229.95,https://www.ebay.com/itm/266270364282?epid=14049280915&hash=item3dfef3527a:g:F58AAOSwMcZkbnuN&amdata=enc%3AAQAIAAAAwCm2EAAp31J0uwYIOFWU2Lv1szeYVoViMqp459eMWqG5uqBscF3WyDcj3I3vmL4CrL0vaUQWCQUkzWCbea18H3FOKgfcWiEZOGcf5fvulqyoFtNq2ISNayZ7Od8wR1pkUUZbMfdoZYYF%2B%2BQlpC%2FrhIz2N8yqOJwc2u4UVRpY8Tfu3HWncHP%2BEeD8ZBUQYN8uGT5Bz%2FPUWSqw6FGAA1CNdh6iJ0LCBrLgkuVgx7ODvSVusnoqTVyjsqQmVyUMI%2FsOnw%3D%3D%7Ctkp%3ABk9SR7DPl9mVYg
"Apple iPad 8th Gen. 32GB, Wi-Fi + 4G (Unlocked), 10.2 in - Space Gray",$250.00,https://www.ebay.com/itm/115828324278?epid=19040886091&hash=item1af7e7f7b6:g:uZgAAOSwwRxka49P&amdata=enc%3AAQAIAAAA4JawC5ryTYTOmRJmkrUwmLNx%2BytZRf%2Bwz3YZ9kBBuAMmvAzBlmmxSahQ%2Bdlj1j8%2BqSRwYguiDzc5%2BGEfOr6dJHuy%2B0VHG2hHrLK%2BMREJ70vkixINtzDwqfEoi3i98IcJs1A7ldl4gZ2GkcrcJ35RzzZkoPrpyzFDZ0Dh%2Bs3OuHZOSQLqu0wB0EonN6go6HP8M0xsV5BsLAb5e7sRxCZ0aQmvinisxdNXyLN6BMWYnbAU9aOONcDXz7%2BpCvFPd1yU%2BPqI0IFT51JV5x%2BNAmvjjUxsmfD8RIgvod%2Bn2S2PSkfX%7Ctkp%3ABk9SR7DPl9mVYg
Apple iPad 6th Gen (2018) - 32GB - All Colors - Wi-Fi Only - Very Good,$174.99,https://www.ebay.com/itm/175139688969?epid=243957293&hash=item28c7239209:g:6P0AAOSwMhRh-p0R&amdata=enc%3AAQAIAAAA0ClX6aXgjYUWDS027NRzeVLEUJNQcjGTyjfuxOa19UfgmuwE50y7KdVG%2B9gou5eUrvwVW6XvepRz4EhsMD3EIFvk%2Fklzk%2BaHUk66P6qCS24evwY0NRdKpXIyR%2Bn6YmR62FAojX6W1sUAEjxKMwyVUZyoKCdRPeIs3bvY9fIvcRs3GpF6TQW0jTPz08FvHyuY6yqYuU2Q3vpTcEJVnFsGOHrjHfjI2TnG%2FcqdNb0ZWhzg3ku9vSMZYSc494EJ3RWuhpSsAMHZMrMhyWrNMY7B96Q%3D%7Ctkp%3ABFBMsM-X2ZVi
Apple iPad Mini 5 64GB Unlocked - Used,$229.99,https://www.ebay.com/itm/256019334415?epid=22030602741&hash=item3b9bf1050f:g:gmAAAOSwWYRkG8wf&amdata=enc%3AAQAIAAAA4FuXAIlSRh8wN%2B83vIZpPgpp4Dr6h65fG5kCNRyrNjLQnfH%2BWFOHPZ8gXdZSNxecTXH4KeMrVbe6%2Fnd96AltEB0SpnmoUbkFC6H3hAJxhqE5ezkt80%2BSFdv8wTxnQ5yz2gjQ7090a4dLQsuQcBvl3H3E3SUlVMVZMin%2Bwtxy%2FowX%2FWXgfxkY%2F1%2FBbwEcV0HVA77jf9zc7C1Ty8RRUdXKzYVLb9nmIQb1eUGdrrRx0jFLlHOledEwwrR%2FiL98Jq%2BZrzguvS6o%2FChJCuuYksUejmNPa2P5kLrnteYghaQPq71j%7Ctkp%3ABk9SR7DPl9mVYg
"Apple iPad Pro 1st Gen. 128GB, Wi-Fi, 12.9in Space Gray - Tested - Bundle A1584",$229.99,https://www.ebay.com/itm/124863006627?epid=216598778&hash=item1d126a47a3:g:~qwAAOSwRFVkAPz2&amdata=enc%3AAQAIAAAAwImudT6FTITT6jcgX1rcz1DHJy2%2FAPxYZKNkmB2uhVF4UH%2BZ0yeE1LWDEGiJhzx9Lfqfu7Z%2F3QK1S2ZaTe30m7ZUpeeItNJfyXncj96dY2BErXZFfNGpcsGP0KgOrRWUvOhN78skR6c1r%2FunaxMbtZdys5X%2Fx9D1%2FQdpBdbKogJwLpNDSomGQU83IJNDrhbeFVxCz7NMTfYCS2oBIkX2N%2FHdgM5GIX%2FG3LpryA5Zlpc1AbFd8lJFYwEDqdYfrY0fBg%3D%3D%7Ctkp%3ABk9SR7DPl9mVYg
Apple iPad 9th Gen 10.2 (Wi-Fi Only) 64GB - Silver -  Brand New Sealed,$279.95,https://www.ebay.com/itm/155575076350?epid=15049285841&hash=item2438ff45fe:g:FmYAAOSwiZFkKxsq&amdata=enc%3AAQAIAAAA4LxZGnMDDylawG241l4OO%2F%2BBMu6P07zspGEktiVp11stm6iqYmdUpppdAE6N428Un4cmV0IX5APNACwMCgEmeW6gAeGzoKpJ7D78RuWW2jYE8Kp2CyQBTVWT3E72E624ILKmxqAYRbpKjT2TkFUkbPfxx%2Bp72ug3gc4x43UmvbIaJ4KEuQbkmTpINmCkKW%2Fs%2B80Pgo9yMSqPJzCno0W4vdu6P%2FIaL1No4pggX%2F0TbdC2CWp4LZvaG270at7btH7r3yEaCvvCexUO9ofPJTJtWVSu4ZsKZOSOrpyFTju4FCWH%7Ctkp%3ABk9SR7DPl9mVYg
"Apple iPad Air 3rd Gen 10.5"" MUUQ2LL/A 256GB & WiFi Only- Space Gray  USED #822",$229.99,https://www.ebay.com/itm/185922847922?epid=27030598142&hash=item2b49dd84b2:g:sHYAAOSw~HJkeOrQ&amdata=enc%3AAQAIAAAA4PQQqWTVSh5IKFkodz4CCSblEWvf8FcOBwhX3zaoCQQvADXRCLmaf6D2nPkZDQ4ISDQLu71VxxzZ%2BxqfGYexCpROGRXuSwDKC8KHE%2F1BmBxWiFHE9DKHBsDSuvAwvFRqoO5fwZOW43RIKL2E0uc1M56uJDrJZ%2BN4KSsOfXUBfrqcA7iap3j4DfKEym%2FGyLku%2FBDo3zv0yJ0PdyxVKgRfdrwwIGH1WkARdtBqmMsnt2tdM7DOZVgPZLSGzeclyBj7oxeyBznkLRl1hW3CwjJyBN0JCl67S63A57Bp9QQf64UA%7Ctkp%3ABk9SR7DPl9mVYg
"Apple iPad mini 5 MUQY2LL/A 5th Gen 7.9"" FHD 64GB 8MP WiFi Bluetooth GPS Gold",$214.99,https://www.ebay.com/itm/325493008788?epid=13030600264&hash=item4bc8e52994:g:uYwAAOSw3JtjvGXO&amdata=enc%3AAQAIAAAAwPBK9UuOa1O4zOc4CfNxjUA7%2FTtH4W9Xm9vEqfnrlQi5bJjXrpsG1hpF20WXjpryc06vijDFkwmnmxQJfbdv0h%2FL%2FWStVpm1n1SmL1U6IKtANEv3KwTtgmdoRNNAVdZujkH%2B53f1wlNfwlUFIvDi84usYSI45rIGQZR8Z9H2Hw%2Bimd0z7YluVPpbunbYbBfCxmfQcW890D%2B%2FTbdDzzaMxxmrL7bNEi3Ntv6am7KnddLee3hHhxTEDVUnSURRPtR%2Bpw%3D%3D%7Ctkp%3ABk9SR7DPl9mVYg
"Apple iPad 7th Gen A2197 MW772LL/A 10.2"" 128GB WIFI   Space Gray Poor #518",$169.99,https://www.ebay.com/itm/204298017383?epid=3034222256&hash=item2f911c5a67:g:QhsAAOSwUf9kMF9B&amdata=enc%3AAQAIAAAA4MAqmbLQxC5g1yUAXyTkdGAoONmJae0yVbb8yYaC4smg%2B%2BKzsAcK1uRwyg%2BCNB7VCKGPOBv7eJAKB5mCCUhf1ig%2Fs1iRf0HZ8TNRSNo%2BeA7FbdwkzyNSO4NddnBjV44ZDG3%2FiO5VCEbTfV3HpJ2XmZJC2PQcnBosS7baBgWqLJtyXMUi0t9gVBDep29W5XdQSWLV8tucZN1MOHzQ3biKStSGZ0K7B1irWDv%2F9Dt2KJdcCFEFdisMJuzjOwWVPJLunLjFNtpb1yalO%2B8dJcTqwAYg2ruzvPKjKBUNO1uAdXp%2F%7Ctkp%3ABk9SR7DPl9mVYg
"Apple iPad 8th Gen 128GB Wi-Fi + 4G Unlocked 10.2"" Space Gray (FPP005407)",$245.00,https://www.ebay.com/itm/364294973656?epid=24040882074&hash=item54d1ac28d8:g:MXgAAOSw-ABkg1QW&amdata=enc%3AAQAIAAAAwFPLYKa%2B12nCnByeKfKnyojhyMXD7R8ugeUcN9bAncNq7VSeQ2cYMCE%2FTfJmDR0CAwsIFKXYiy6zrrsRi1jY8FLxqxrhGk9jL0R2SZvTrmwGxmeNNQG4PmJkoYsgUhirCVxgn0PxoFEq0a9%2BbwmzWqtB0n7uSMyV8HATueqIU3Ls1tv2YNIgc9IFnc1jFVxdhLjIvSAUk4fYnLc%2BtAl%2BBgXWruzbU8JeKUtPL9EtBrSlLmxHuUW9wmunZLzgoiYU2w%3D%3D%7Ctkp%3ABk9SR7DPl9mVYg
"Apple iPad 7th Gen. 32GB, Wi-Fi, 10.2 in - Gold USED  #620",$159.99,https://www.ebay.com/itm/204315913366?epid=19034210998&hash=item2f922d6c96:g:KskAAOSw4QdkRs9W&amdata=enc%3AAQAIAAAAwCzZPdpOTQr%2F1%2Fls%2FIuwK%2FcHSc%2Fz5SEBqNHvQnDmLJodRxY8UzkPEe1tSze3EqVgNwHKS%2Fif8if3IwY69xGMrq00RpQ%2BSQdf7umS%2BQgmveiqin9CUy43d1EoJOuRLSWHGw0ulRgCPEHi%2BMjGyzCJ6dinEuv%2FZcOPnxHzKnGpyKkk%2Fi4V3Qk%2FoCaliVTkZnyp4DaqZQsnIstrmI9PrQu02vHg5x%2FEuu1fZFXP3jsgtA1cUJk%2Fl5BMU1aJQ%2BoOH6K6uQ%3D%3D%7Ctkp%3ABk9SR7DPl9mVYg
New WiFi Only iPad 9th Gen 64GB Space Gray MK2K3LL/A A2602,$269.99,https://www.ebay.com/itm/204360626045?epid=25049271524&hash=item2f94d7af7d:g:G30AAOSw8j9kf8~x&amdata=enc%3AAQAIAAAA4Aa5VPRGu8s5DbCsZhnIwaIGpC1TA81uzleiCjuUBdqfHqMtbvkhI0xsfQkkV0BBsplyWF%2FtUz8Jrg3O%2BMr9DUCpSLE7G91A3X7RBlfVtH0soRBUuyrESOt%2B0IoGZ5T82YYj8vtGwmEHCuRy8V6P%2BBEZ9ypfNopT%2Fz7oc5Ee4DRt1PBmGHXB4xjjol9VYV4%2BM9gfCFVSpBHMjVU%2FQmECJjyLUu%2B%2B043CoyuPo4oeLmIi17lxYPShdYmB4SUIOJFBoZSNcIZ8E0fYefait2ZLnFcryP0fgIzBCUd5tjGWLvq%2B%7Ctkp%3ABk9SR7DPl9mVYg
New Apple 5th Gen iPad 32GB Wi-Fi 9.7 in Gold MPGT2LL/A Retail Box 32 GB,$227.90,https://www.ebay.com/itm/354622077384?epid=235221547&hash=item52911f79c8:g:hDwAAOSwXYtY09WK&amdata=enc%3AAQAIAAAA0AUYN6JlnNPkCxc2ynmHD518YL8h3Qb%2Fu7gN1kTkGvUuHrX7eG%2BwnMsSHL5duVXlXpwaDFNFBGGDWPkQQCbZM%2FVhw1qCVS6gsHaswQwkxDK9RFqy0xtYcSw7xy0PprD2NHsWAUGoXu%2BI2UrQKUf7A%2FHQbCpI4HwZYhxe5p2Z8%2BSkyFJhs%2BAeUbHlogAdAF4Uf99oUp0JAvJFAfy2wH68z6VBOAwwzjzTSNYYDufi7RCFlrgsDLi6DeoI37EZFHK6RgS6KnzkiB52q1rnUuQGZj4%3D%7Ctkp%3ABFBMsM-X2ZVi
"New Apple iPad Mini 2 (2nd Gen) 2013 7.9"" 4G GSM Unlocked (WiFi + Cellular)",$179.99,https://www.ebay.com/itm/204346612968?epid=172912049&hash=item2f9401dce8:g:2s0AAOSw2lJikVgE&amdata=enc%3AAQAIAAAA0MGSmZgq8EvRQ3q99mEAndTF3%2FaJzCvk5nKofFT%2FCWbUACk9iu4V6LZlrUK9Xvw50qEaM4g7vMrdCxTjAFYDg6hcxALlNW7zly4ZBgaqjHqi1E9KUevShhAE%2BihMNNSf%2BAwfedOpm61IhVxJiyfbJRInw07W2rFmePdt9x4POYo6Sz4P6%2Bxv4MT6bCBkCAdGU0Uk%2FMHS4cw%2BoNN%2FbXwj4Qp3bAbV0dy9V0UHdcw6ORmps%2FaKm6k3ZEa%2FFl9bMczCaG3qBoAPXKUnPdmUc73jNFg%3D%7Ctkp%3ABFBMsM-X2ZVi
Apple iPad Mini 5 256GB Space Gray WiFi Fair Condition,$279.99,https://www.ebay.com/itm/275895175721?epid=10030602290&hash=item403ca24a29:g:1NsAAOSwHL1kg40C&amdata=enc%3AAQAIAAAAwPz11qEQ86MiE%2Bf7NUH0j91cIwExTbKNVXS8HZMwzKsnKk75sgso0LuFByPnqUfh8t%2FhubVxtpyqhVuohT%2BfcDXbaNGIZGfjgRstvu2lIBbdwTb1yLYWPDUDfYWsCYqo1hsu3jzL%2FNN3X9zuf4hzWwA7mi4x%2Bu%2BeJ2WbBt%2B6x35nVWH%2B%2BbgUEWuhDtvYM873HAMvx1X5U0zlbB8izoO0tR17XQ8V7Rjc42HT1wTV0Zm2j7cGfO0dpzHADppZoqN%2F%2Bg%3D%3D%7Ctkp%3ABk9SR7DPl9mVYg
Apple iPad 9th Generation Wifi Cellular Silver 256gb MK6A3LL/A Unlocked,$349.99,https://www.ebay.com/itm/175761699728?epid=2320329407&hash=item28ec36b390:g:Ub0AAOSw2MpkgF4e&amdata=enc%3AAQAIAAAAwKmlIIkF7L0PAF8pgX1H7LGxYHbzr2cDyWYsrtTeLXWQCRZg6s8fL0lG1yIwo%2B1hqzO7krE5pmUtpqmp7XXZTZ3ImGWc4VnRDXst2AfVMSJ%2F3xBbryuh%2FX5hQwC4x6kcChDVW0%2FW0qPngjYitB1NFJTa%2Bp0AFOZQ1YBRsy7%2BvwCsVDgoe31525zlGaHOmsQcwkcLzW%2BVgV9ZtOBaPpjZ%2Fh5lwp2HG3fumBssVX6s324D9o6I1oHgR%2Fan8nq46m6l9Q%3D%3D%7Ctkp%3ABk9SR7DPl9mVYg
"Apple 10.5"" iPad Pro 1st Gen 256GB Space Gray MPDY2LL/A +D Grade + Warranty!",$219.00,https://www.ebay.com/itm/115814011157?epid=238187554&hash=item1af70d9115:g:2GYAAOSwokhkblUk&amdata=enc%3AAQAIAAAAwEeMtwkQYfaDE3OU%2Bn1ISSw3lKVySex11nnk0yco%2Fuau94bK1OAduuq3uJ1w3ytcoJvWvAAUoiydJYzsUYMkbIASSN0E9AQm4GYsYhHc944W5cTeul9k4LsvGxtG90J5kCkY5z7w1w2cGbrPfjJqbVsSdKwjJyc36VBYvkGsSemS6cxuHJ18qLtrBR4OxAbg2I1dLlVDyUEpXdrOEELgot3TDLP9ZxJylDjEw9m9tsTDrRCyvgM0pRlQphCkxi%2FPvw%3D%3D%7Ctkp%3ABk9SR7LPl9mVYg
Apple iPad Mini 4 Wi-Fi + Cellular(Unlocked) 7.9in Tablet 128GB Silver A1550 ,$164.99,https://www.ebay.com/itm/385663870149?epid=216552510&hash=item59cb5ba4c5:g:VNUAAOSwpzNkfz9T&amdata=enc%3AAQAIAAAAwN5f6BN33nWflP2YKkZ2y93w6QllkiNmgBcrAfJr2UsuKrajT5L3v2MAu1Toh6WKEG3MREr7LdlahsaZLwuoNofdRfHrD7yVAbXfrPPfjV8BGyWApL2BPm5YKZj6b91FQvQWvTdudXZHoUoCNb5zI%2Bg1egTxVme6nhHfMdfu0odrv1Y1P11GHUM5pbh%2BkE%2Fj21WMr7LA8HTYxfXV9dk3nwzlAAn5emYvbWNPQdSEYrYfxAgFDoniwgOxxnCbjV%2BrBg%3D%3D%7Ctkp%3ABk9SR7LPl9mVYg
"Apple iPad 6th Generation 32gb, 128GB, Wi-Fi only",$199.00,https://www.ebay.com/itm/284261770290?epid=7034220085&hash=item422f526432:g:FOgAAOSwXcJgbyP7&amdata=enc%3AAQAIAAAAwGcbQ2YGlxjcFA5%2FdWbbQ7Ol%2BkqzyKiklzPoPZL9Ne0nGfifwig2CcMjen0IrT2WxlCEAcYgjGmOx3aXftarIvw7VFBkqhTwimoW5m86goxQJb3jKnh5bJWSJB7%2F6q5zSPaHOSAG0I289%2By0hseXEIr%2BmT8l36XFvt%2Bb02zcNpEvt%2B1vqwZF9ub%2BUQN5R1bc3CNNmKhn2iBg1nXunOSY0eJlXpkzLGPgr0zofyfwI92H8tm0GS7tamzea0towHGJUQ%3D%3D%7Ctkp%3ABk9SR7LPl9mVYg
"Apple 10.5"" iPad Pro 1st Gen 256GB Silver MPHH2LL/A +C Grade + Warranty!",$239.00,https://www.ebay.com/itm/115814034886?epid=238132462&hash=item1af70dedc6:g:9dAAAOSwlAhkbluj&amdata=enc%3AAQAIAAAAwFtGY6%2BrHYx%2B4gxddiatPrgCNdtU56OeWC39DaKj8R%2Fpo%2BuMu9sMKfOb1OsDRvXzLZrI2pfS3TOqxU8%2BG%2BAz345haUX3Z%2FlRljitHllC7yThQq44dJdwa8O7Unxfpj9nmEmt8qItNpyFtGqaMgDpkKhKpTE0pIJrcnaLK3lpo4k9w%2BJJASHquisLjRMUfpJ8EVZ1bCnI9USkYLFfcx7gVJqQ%2FnRiEHmYrAFm2vTnvlw1Ez6edlOA682THCWNf1Draw%3D%3D%7Ctkp%3ABk9SR7LPl9mVYg
Apple iPad 6th Gen (2018) - 32GB - All Colors - Wi-Fi Only - Excellent,$189.99,https://www.ebay.com/itm/384712482315?epid=243957293&hash=item5992a69e0b:g:6P0AAOSwMhRh-p0R&amdata=enc%3AAQAIAAAA4FvdgXqhHddTY%2FJpbfHV%2Bd2EeDmvT6GOZHrZ8O7Nc1I%2BrSZj8XSsxHWaZ%2BSQQ2BxqSxtNfUwnwxRcFubGGq%2BQ2f%2BzBLbA9sxLJOESGe14Tea3QOSOaSFiaSdNk6cik9bgHaU3achAzgnf%2FdWbE7V1yPjdstKSER8IizNwdg%2Fjfju4QMlE3ZR3W8s7A9BArlx0ld7WMvFjVuW60K9CeyaEQCcwXDhX%2BYuGMXW0f13N8BljGmYHClgz7yS2zzJ67XT2uNa8KkZaV5Eo11qdVIWnA2trLsXQGlx5lGbyuAqOsCG%7Ctkp%3ABk9SR7LPl9mVYg
"2021 Apple 10.2-inch iPad (Wi-Fi, 64GB) - Silver 9th generation, MK2L3LL/A",$282.00,https://www.ebay.com/itm/134409191453?epid=15049285841&hash=item1f4b69801d:g:Sh0AAOSwQ-lhrVYE&amdata=enc%3AAQAIAAAAwAKSd2PCzvuex%2FfA7cTKTPSuAmdY5SusLbzE0WVZALdOnMfo7vW7Crh%2FmrD6Ul1w8uUUzTdPsUTYhn3Yg0tWr5cDOpsIbUVZeniMbbytgOYeuAJkDJonbxyEj%2Bx0uP8YK4QzNZC1hhYitelSciUw1U8dMwVFnvmG3trXbvr4j4DHRBS6iwfu5a4R%2BHVTuwIniKvkOVVEW2a5zsQ%2FDy0dZUE9owCGdzE%2BR%2B%2Fer6P%2FcoY6ElELbdJFcO5qxeUIwbR4uQ%3D%3D%7Ctkp%3ABk9SR7LPl9mVYg
"Apple 10.2"" iPad 9th Generation 64GB Silver MK2L3LL/A Wi-Fi Tablet 2021 Model",$289.00,https://www.ebay.com/itm/224814556146?epid=15049285841&hash=item3457fde3f2:g:R7MAAOSwiith9iha&amdata=enc%3AAQAIAAAA4N3IR7vy4UuDaJIS4PFU%2FpDL0jnV%2BgfzYTtHueItvYhs9oQHqEpKq0ndG%2BeqT%2BT6OfJ%2BgIT9GgJpftZres8iQlNaEw2XcpZF0PkrFUoPFnUlAAXi%2BpE46hBhUVdnRrdhRqPhuxhmwv4gM1xPk8o9EVXT1zp%2BncqjSUfbVTxZgFOkIiGEHnybBIdTAFBrgLFXqw9XEiafDWr1i%2F3FJ3wv9ltBD%2Fv5skrxaoRWZ4t%2B%2FU2MUMV%2FQrk5CQMjr7PdlLg8RcNB2dzA7%2FsIk%2FaLkhmWkKOX1TTa0xgUoT%2F5W2LJHAlk%7Ctkp%3ABk9SR7LPl9mVYg
"NEW Apple 10.2"" iPad MYLA2LL/A 8th Generation 32GB Wi-Fi MODEL A2270 - Silver",$299.99,https://www.ebay.com/itm/256084932189?epid=12040875187&hash=item3b9fd9f65d:g:xuYAAOSwWORka-kz&amdata=enc%3AAQAIAAAA4Or7kMnrzVS25dLAyN%2FFNamXmaud522vFOpnlZ6%2FfpyhU%2FWrHlUoL1YU%2BBmLthZH2bQMQMs30lIJ%2F2GMxJvpIxhNPHgkZnQqUg6q%2BLDRFUT46X7dej%2FvRCGl5sbu78cTT5C2S5NOiaAnEx7eVNv%2FhBCmCjxv1utem0%2FIV%2F8EUfOONA5wUoX5oHf1d8m7v2BqzfDE4%2BiqOhbT1GcfBweVtn1juO29ey%2Bd18PP05moErGt%2BbD%2BCwRtWTlZXi9G%2BOghaWXibi09dVvF0digbKqFuguIlG%2FEg7SmNy8bnS2S77VG%7Ctkp%3ABk9SR7LPl9mVYg
"Apple iPad Air 2 32GB, Wi-Fi, 9.7in - Gold _ Brand New! Sealed!",$287.88,https://www.ebay.com/itm/125217613386?epid=241996978&hash=item1d278d264a:g:JwMAAOSwDgBiOo6W&amdata=enc%3AAQAIAAAA4KmmbhpMBVRemvG4LPjGMEvioP5aq%2F%2FgOCBH%2BY%2BALqeWndd1wkM04pbjv%2FvSYzo2EGYfcCMeykSccvEAbBBIcOJnAKwmfby5pWCjedIm18sQFFsGr%2FZxw6TeoocFBDaBPZ4%2B2AZwImXlXgGElLR%2F0CmqyjIfxMyWmIk5hkuZNmdkZhGY2xc6qA%2FU%2Fpda%2FDFSTjjqjVX%2FoGshLHkyC8lMjvhEUYir9hzu60Bs51FtSKQxcD0dcciOyB86YWVKp9CsYyo1JWvKShuOcIj0M7p88Q5oUq1D6wDGDu0ZwR4Fhdz1%7Ctkp%3ABk9SR7LPl9mVYg
"Apple iPad 9th Gen. 64GB, Wi-Fi, 10.2 in - Silver MK2L3LL/A",$285.00,https://www.ebay.com/itm/185835987252?epid=15049285841&hash=item2b44b02134:g:28YAAOSwn11hQhsT&amdata=enc%3AAQAIAAAAwA9aE2xdZEeLjKfdXmcNhg5G7J4Yd91OM4FPGTQFo1qMOUhlczu%2B8TRZv429wDmG9%2FvqRusEctRO5Rdm21bS9wp%2B7CIjG%2Bjg3Kn5adUvBd4B0KEIgD2z%2Fo7Lyl%2FVxcI5%2Bn6JZZbUZ6LMktV6bTozzj6Nl6NNicVCuTNd%2BNSqWGu7oZs9hME0Afm4kRwK9V9PLp0SlltsHPkU5j5Ucccwr1W8QONTSf%2FUKhkPRe9MMm%2FhQo%2Fnh1ZOeDf3LcNkTvHUQA%3D%3D%7Ctkp%3ABk9SR7LPl9mVYg
"Apple iPad 9th Gen. 64GB, Wi-Fi, 10.2 Inches - Silver -  BRAND NEW",$299.99,https://www.ebay.com/itm/195766159976?epid=15049285841&hash=item2d94928a68:g:ueUAAOSwh-FjtIoj&amdata=enc%3AAQAIAAAA4GSLa8z6NNxm4nPXhYPVUHP%2BHMvzXrmdvPTFDGAyRE69%2F1iVvDZGpHK46PumXSzLgCL3W03JDOKE4HjWaL0WLu4LtvZI8m22o00FYhpM3v3GqvtUGtH0y3VvAx12jxDUv0cyk%2BKmaD293XWWJ2zRHuC8Q%2FVy%2F69sZFL4rIwc3NeIjabEYS9qIekOG2CbJye%2Bs7UrYzhtcYJuju2So4upG%2B03FdJZuU%2F8PW4LMcmIReqdLfKuOwrMxidu3tfSUlPPfc7x4f8LiXLomCHYRpw77naBqKzR71EHWldMx0%2BL8nO6%7Ctkp%3ABk9SR7LPl9mVYg
"Apple iPad Air 3rd Gen (2019) 10.5"" - Wifi  - All Colors - 64GB - Excellent",$272.00,https://www.ebay.com/itm/144776659643?hash=item21b55c82bb:g:LtsAAOSwCBFkdf-x&amdata=enc%3AAQAIAAAA4DUJx0Wo9yVfbGeS86fo20SLpKrdRP0Zy%2BMnFADgihev8o4Wc6AcgC3w39VuqybBMNVVTl8xjLONEglew2U%2BeopsUN%2FS7ELy0UTqPEj4MB8e10IRef5Hm0ORxq6LatebediZDmXieC6V3%2FdWCYFLGDOg6K3LvOklHAeSyPCN5sge45a8Ov20QPOlRhUuxGsIUPmb91%2BRbWGmZ1Prk9lE9mRMrb3fSToafSCM3r3OiQL2%2Fptg1%2FzqFupYLJIT9Ca89g%2B3bqvjZ1qrNhbU81S5rMUSkS2ONBYHCEPWkylC9jvE%7Ctkp%3ABk9SR7LPl9mVYg
"Apple Pro 10.5"" A1709 256GB Gray Wi-Fi + Cellular iOS Tablet *LCD Burn*",$178.50,https://www.ebay.com/itm/185932846678?hash=item2b4a761656:g:swUAAOSwiw5hvP0g&amdata=enc%3AAQAIAAAAwIDlquCyj5OxFiuwjZ0WBTug8o83op7dPKJwZ0fa7LnUQS3X2BemfykOgcKikV02VQo4MUdYDEEaXx8tp8MF8BGpXeHsWxmpVTyD%2FBZGXJZcdTzJ%2F%2BXrPU5jl7JvTq1MO33hfgMLZkYsVgOkcIfRH5S%2FyC%2FtaxaJpgegWu8OkwWHG300MZSR5oyWlO6V0SOu5PwLi6E5NvS16FA6FFBvTv%2BYgD74HF%2B2YGpB4R9avX0RUeyFpwfOYieqx5b942u%2F0Q%3D%3D%7Ctkp%3ABk9SR7TPl9mVYg
"Apple 10.2in iPad (2021) (Wi-Fi, 64GB) - Latest Model (9th Gen) Silver - New",$324.88,https://www.ebay.com/itm/125068232951?epid=15049285841&hash=item1d1ea5c8f7:g:-nQAAOSwDP5hxhPK&amdata=enc%3AAQAIAAAA4MRT0YTTKk9drJJeggNx84en3WHUb1we68B2VrtkVkE8cD4RtP2CtoW9RHAlxDdlGVXxxcKGejjZWEoNT%2BnmKq80LOBVLvxAnnEGhNhSou%2BHoeofVpfFzQ2f8AzJG3bD5RCdGou2AlzSKqZP%2FMUckDbqmPRCyMk%2BEgoDJFXrZHlgM92vllCxzdjSfzpgDVK6fFdEBx5gCt4G3c3ifjcY07rXwaNf6BQv14gGCZlYsI95o3J8x6vSSXp5mY0UG4ygUSOcqblz4PDaHV6w%2F1uYucy%2FNbTn8FUM0zq20COXMdXs%7Ctkp%3ABk9SR7TPl9mVYg
"Apple iPad 9th Gen. - 64GB (Wi-Fi) 10.2"" - Silver  - MK2L3LL/A - NEW SEALED",$289.95,https://www.ebay.com/itm/256075889345?epid=15049285841&hash=item3b9f4ffac1:g:CfkAAOSwRc9kH5ly&amdata=enc%3AAQAIAAAAwIa3QExalvj8F2kVC1nOokvw%2F618%2BUspEwFv4RykV%2BrAqXHBFWmifJslhMeChB%2BytFrecyxJHlh7UUWLGQAuKeQz4VDcGIoqMovYI%2FwXA8ccmj%2B3Xp1kaeS5nBwbOXM%2FyicnQQ36KRSdlOutI99h2VarGOG8A8kIuiC8KkUrwIeCMNo4JvCqruS18C9lJbSid7ZlaHZUyoTomsSn88sYRX9PQPyvDtFAIrv5OdrvDVjmsdsHcabuR28Dh%2FutHb0qvw%3D%3D%7Ctkp%3ABk9SR7TPl9mVYg
Apple iPad 9th Gen 64GB Wi-Fi 10.2 in Silver MK2L3LL/A Sealed A2602,$317.98,https://www.ebay.com/itm/225268881745?epid=15049285841&hash=item3473125951:g:RNIAAOSwI5JjgXN0&amdata=enc%3AAQAIAAAA4P8rVN%2B63fQVQ3nbW63fMMiIzWVi%2BTu5r51sH8jNn2Hif4gH1KmPjZrCGFNE0qBLywBJ6XfNx4w3TqjTvFJrMYsP7IWxE088Xq8fTEy3Pqn6sMsjt0Q%2Bs2DyGod56Snce9Jo1aVaBtqx9WWm88NZe%2FOTsd3Q%2FRT%2BNj02r4qy9iCg53hxEKMgb3%2BXeIzxZOgifQ94LgJtUHO%2FiRDtJIzUCHJd9PIggwzCew0n%2B4s2444VgSkKBMXisF0QxggncXgSvqNeu1UFegG437K5iwU4Wh80vPTWK0vefFWP92sXl%2Brq%7Ctkp%3ABk9SR7TPl9mVYg
New Factory Sealed Apple iPad Air 2 32GB Wi-Fi 9.7 in Gold (MNV72LL/A) 32 GB,$269.95,https://www.ebay.com/itm/354653068900?epid=241996978&hash=item5292f85e64:g:-fAAAOSwX3tkAOQG&amdata=enc%3AAQAIAAAAwMepPGFyrhS5ddRZXDIMJfNVxuY2%2BRVVes5q23DebDRaiDFEPMvUMDtDY6I96bM9ix5VD4zKmqPU%2FuF0XlS62y7WUOMkgttgJxKzKlJDPeupOo%2FgUdy5dFSAb6mmsiv7jNi7CUmkWF5%2Fbl3XDGmeIB49k5ylsk2oCpRHN%2BtdE%2Fz82IIHkKXlBNXcAPM%2BTESeoMqHhdwij7botoHKvkeMiDqdyQLGuYV2hubMcChayoHkhN9LWFfeZ3ek1Qq8ONrnqw%3D%3D%7Ctkp%3ABk9SR7TPl9mVYg
"Apple iPad 9th Gen. 64GB, Wi-Fi, 10.2 in - Silver",$309.00,https://www.ebay.com/itm/166145561364?epid=15049285841&hash=item26af0c1314:g:28YAAOSwn11hQhsT&amdata=enc%3AAQAIAAAAwBH2%2BK31PZameofjLSx2pLsnrta92HBL%2BaqTtZm2o%2BSm174UrJobeO72Am9dhgQLmiWnyc8DieFOScTyD5jghuv5D8tAD899poKvyR1ChMNFxEOxxNStlEr4%2FJEgsFby1yfI8Sch%2FPGRQ5BNu8ACM3JMWpBvjnbf3PQB52J97LsyGJu8Hb%2BuRpcQ5xMUtUpZu%2BfK0C%2BMMxnMvSEDa8XhbbM7%2FsXu4P8QzH5MiEcIjzBuzttU5SgU5CbEdhHUf2RCsA%3D%3D%7Ctkp%3ABk9SR7TPl9mVYg
"Apple iPad 7th Gen. 32GB, Wi-Fi, 10.2 in - gold- very good",$183.99,https://www.ebay.com/itm/175602580201?epid=19034210998&hash=item28e2babae9:g:DFUAAOSwYJ5jVsPP&amdata=enc%3AAQAIAAAAwE6UnRC6PUffIgPLtZOCZMv%2FofcBSwJzM0ysRAyTA8ZeGuvuEeYFbIyo5Idz5AncIndWEvNfqlRUP0c3%2BPPOaThKsZeCeHKy9Jmq%2FO%2BPEOpjVkHBNKryw%2BLTL0ldpeqUWNjOnB25pWmwY4hqHacqc49qPMX%2BWJIkq7%2F15gOnrKVyMu4mqbmc0%2BPpJe1CGGwGHQm%2F7y7bmX%2FFITc7cFUVYyeN3b39KyYzzPEM8jeqOQh0qJZ2VowGygKeqg4C1n6tJw%3D%3D%7Ctkp%3ABk9SR7TPl9mVYg
Apple iPad 9th generation 64gb wifi Silver Brand New - Sealed Box-,$299.99,https://www.ebay.com/itm/314302174079?epid=15049285841&hash=item492dde937f:g:15wAAOSwkjBjs7HY&amdata=enc%3AAQAIAAAA4IgaBh9o%2BwBzY6wYu96x7wqY8Un6Ay4fnk1QUqaojbCUZo%2F6WPZGbt7jdcHbgbA6ck1HO8%2BsNP0f49btntKjfYts%2Bt411ZtNGcSQ4YAns%2B8v7wFdm07fIlA12QMitlvpP5Q6aCPvnZlP0BMqSw%2FD08J8duSHda8i303Oed1dFsLUoKg7457psig52ez%2FkLwpXBoKLWQ3In8wI9jtRyv5eIvyv1h4AHx%2B3YxHey3Js8BdRYdYeqMOvSUpxgm3cJW5l21mk0vZlVILd%2F6xMAnqwFaay9fX7e%2FIKbhkZaCjdv95%7Ctkp%3ABk9SR7TPl9mVYg
"New Sealed - Apple iPad 9th Gen. 64GB, Wi-Fi, 10.2 in -  MK2L3LL/A - Silver",$319.00,https://www.ebay.com/itm/304740687967?epid=15049285841&hash=item46f3f5e05f:g:28YAAOSwn11hQhsT&amdata=enc%3AAQAIAAAA4KGIww%2BcfEHmXwxHVvdIEr%2F6xGxHz6RkmIInxJ5lvGknjTlcFSrOELXgJtVsP8Tmu7SSH1Cdlr%2BqUJQJBl7WaelCnoCdfeP0GDP%2FsgGRGy7KGXfKMdykS%2FKgtN679xbz2eYxGkgftx1a0aAzCJdg2z%2FhNcNGSHZVZLoB%2FmCMJsZc7R3Fbvu4ejvk1dWfunYFQT5SCvdO1TJTnTKIlmHQT2OMCCCbs5ySn0sxtySvdJZeom0iQtXPaQB5zsnJKJL8gv6UkTevugvoQ%2FDb0LRNSAvWiS8dIFf3O486ZDx2fo%2BQ%7Ctkp%3ABk9SR7TPl9mVYg
"2021 Apple 10.2"" iPad 9th Gen (Wi-Fi, 64GB) Silver_Latest Model _New Sealed ",$329.95,https://www.ebay.com/itm/354460764792?epid=15049285841&hash=item5287820a78:g:hAsAAOSw7Mtjnru0&amdata=enc%3AAQAIAAAAwGB8fTarlQFmMn8wz96q6HMh9Hm8HJopH3%2F4Av69ZMmIxdqLjmwwqVUdwEIZcodKk5HmBrpeRvtuyoWa0qh6KFLf47U%2FyTty%2BCoI3vkTQ6rjI4pyQkLo4CeuKhEqOGv2gWuAKiNMGspdJL0zYmu1mCLfDxOCNkScaGxOjUzMIs1HW1qdktcsBWmD%2BM6KE%2F5U%2Bb0kIAdhEOSyEfXIHyMLFJYmyFjItXkxMPUJOuJT5fv4N7gN8zWH7gLvKlFO172acA%3D%3D%7Ctkp%3ABk9SR7TPl9mVYg
"Apple iPad 7th Gen. 32GB, Wi-Fi, 10.2 in - Gold-MW762LL/A USED   #663",$169.99,https://www.ebay.com/itm/185874422220?epid=19034210998&hash=item2b46fa99cc:g:jigAAOSwl-1kTDA8&amdata=enc%3AAQAIAAAAwCf%2Fpnqx3Hogq5nIARzmAGPMODeMlTsCdXM16UzjO5MbFHMxXuVU2R1xntHFmi5kDUjWEInBJsFbBxkF0T9gv5W423T3%2Fd%2FqgER93CPwow8QiXGaBGoXvkhKnkzX0m94KPAnCnSw%2BsgxQkj7ilbfW3bEEZj52VdWdOVInGIu2tufQGmzSIWe%2BUKtcG7OnS1yFeAPaEerA6jq%2BKmTFsm336qY%2BCtfiohMjgZ%2FQkKn1Xzed6JiyHtpi1T37ApRiX%2F3gQ%3D%3D%7Ctkp%3ABk9SR7TPl9mVYg
"Apple iPad 7th Gen. 32GB, Wi-Fi, 10.2 in - Gold-MW762LL/A USED  #660",$169.99,https://www.ebay.com/itm/204320269987?epid=19034210998&hash=item2f926fe6a3:g:gagAAOSwl2RkTC03&amdata=enc%3AAQAIAAAAwJ4pkRMQ8jqJV7UuDYu7Hq2ujWNt6Y3%2FRGdKymTMnav3DOJDV6YUHzABtPwOSXGewoMZEl7%2Bc4APK8b%2F2Y3u2sNNVvhlmkaToGslFqRiVsiG7NRH0fipWtHj44ZWmuvYYfLXxt6H0HRA2GsBrWqLcdyApMk2sUVo2NGdRIOoV8KAoUxdfcVeZXMSh6prmJPpqB0nKibkePkuo0vnf33y7Xc%2Bdke3dVMvaf%2B8Bhtwg68Mb%2Fi319D9uXWkvM7CUcixvQ%3D%3D%7Ctkp%3ABk9SR7TPl9mVYg
"Apple iPad 7th Gen. 32GB, Wi-Fi, 10.2 in - Gold MW762LL/A  #249",$169.99,https://www.ebay.com/itm/204254327920?epid=19034210998&hash=item2f8e81b470:g:V6EAAOSwUyZj99lv&amdata=enc%3AAQAIAAAAwNX0aGuFnyRaQhK2PMw7VOWcdO6Dbxl4oWcMbB3R8BL0Rgrc4exGPo%2FKqevViqUO%2FlZHyT7i8pRah3DFTSQkS5BDukzZ0SQqenbeHuw6XEucgZw%2BokSvUek%2FWPkvdiIZiNzu0cgk%2BVHfgG5P0A4OP58TYGD6CjSR7JP91ToVXi6edmUhVJp3oJ7hu11feK5s5yPsrby3yEhrLvhtZVthbenrbE8LR%2F3j%2Bk%2FLe%2FJF8iWqCkezH7MtGo467ntI1nbNfg%3D%3D%7Ctkp%3ABk9SR7TPl9mVYg
"Apple iPad 7th Gen. 32GB, Wi-Fi, 10.2 in - gold-MW762LL/A USED  #649",$164.99,https://www.ebay.com/itm/175705014298?epid=19034210998&hash=item28e8d5c01a:g:HDwAAOSwEzJkSuqy&amdata=enc%3AAQAIAAAA4O4Ybv3BPQ8%2FfaOvIirfIZRTPeUesmqPnWCkH%2FANvk3OzV49NmLDdtLVLAXZys8lJn1SEI6%2Ffvmir1f3wUZXBrE1npXRf38KBFaxPgj%2FNW0WCNYu0O%2Bq0iBwX%2B%2FtJ5ENkZ8flQ4oMSSsaNskvc8dAd3zWCDN9AFBfVL9F9C2wNgLUx%2BpciUXpIF%2BJmRmUvW60eoYyRwu8NKw0LMktXeir0E2psCxr1C%2FPrc8FOkeD0ucABvrQaP5kjPphtPm1a8Vx0qfUGJnZlOASdSSYeRWYQQzeBSQicclCJemvw%2FAxcMc%7Ctkp%3ABk9SR7TPl9mVYg
"Apple iPad 7th Gen. 32GB, Wi-Fi, 10.2 in - gold-MW762LL/A USED  #653",$169.99,https://www.ebay.com/itm/204320207514?epid=19034210998&hash=item2f926ef29a:g:t6wAAOSwM~1kTBOW&amdata=enc%3AAQAIAAAAwLKHuK%2F4QcagXPbevyiwGaKVTL9qXXZ%2BieVhK5vdPC95o7VkS4ChZzAfAZoIeQArvQK7RufkSmdD07l235aeTP4h49%2F6Crr6bZ8X3ozVR7IIPDog97H%2B48Zi2Wpdac4jjJdngfX91OaWgQkfWI1%2FxBol%2FWuzqFixZNqzZCO%2FqeAVAGiqFoVOQfFIZeBfIb4QlAYr3msb4jsmwlYWxahdiqzgXdNXFQAzZhru7%2BoTxLAqlgC3CBSSlDy97s%2FtqdfSeg%3D%3D%7Ctkp%3ABk9SR7TPl9mVYg
New Apple iPad Air 2 32GB Wi-Fi 9.7 in Gold (MNV72LL/A) Retail Box  iOS Updated,$239.95,https://www.ebay.com/itm/354733203024?epid=241996978&hash=item5297bf1e50:g:-fAAAOSwX3tkAOQG&amdata=enc%3AAQAIAAAA0NXPgOYUmPvq1Exh2n2XhdSW4Aa9FpIyWOj5Sw%2Ff37K9w3fyNKQIumIuyFm1s0Ls0RQW21GtbqScDQkyXbWkGTkZL2gjfuvC1avk92BaSO%2B0qoSzTkHWvDtOABmXTAXIFllmC4j6o2j0TNe9oDLPsifqMU8nS7Hj9j3rom0H%2BRfdxZ5Q%2BUc9kjrTHt2GE90LlBxYZqe%2BQDZYrF0sdGeY4ffmjIERqn%2BhjjHiGW1CdVsZoCIskv%2BCVedOcoSmxLkl%2FeLejCY17OZQFX%2Bl6hxefOI%3D%7Ctkp%3ABFBMtM-X2ZVi
Apple 5th Gen iPad 32GB Wi-Fi 9.7 in Gold MPGT2LL/A In Retail Box iOS 16 Updated,$209.95,https://www.ebay.com/itm/354732582886?epid=235221547&hash=item5297b5a7e6:g:hDwAAOSwXYtY09WK&amdata=enc%3AAQAIAAAA4EVOg33Kg%2BjlSR1cU5zcf3dZU20xJ0MX5yp36GSmDnupiWkxuELPNiy1Gtl2osyX%2FkKgihTxtgtaEBFreBQo7YlenBeNHbkXspyLjwTF2cTvBWkMzPf%2Fns6sN%2FuW4AKTkABDzVB9e4oYhnVQHVRsj%2BonVb7z5o3ZwxWR8uii6dCEo16KArZXlqyfmJ3uf9coPJU2Jgt84RSyMUja%2BzShDRbFZG2U1oAMl1f7iKzzzescPJ36YedoCmMHoWWzKz3g4GnpIgscNPBMwtI%2BFNnjrAK7XoTOogysddgbcZMXasmQ%7Ctkp%3ABFBMtM-X2ZVi
